代码,名称
02068,中铝国际
00323,马鞍山钢铁股份
03369,秦港股份
02016,浙商银行
00525,广深铁路股份
00895,东江环保
01375,中州证券
01618,中国中冶
00347,鞍钢股份
01528,红星美凯龙
00338,上海石油化工股份
03996,中国能源建设
02866,中远海发
01053,重庆钢铁股份
01812,晨鸣纸业
06196,郑州银行
02880,辽港股份
00588,北京北辰实业股份
01033,中石化油服
02009,金隅集团
03750,宁德时代
03986,兆易创新
02476,胜宏科技
06809,澜起科技
09980,东鹏饮料
06869,长飞光纤光缆
01989,广合科技
06160,百济神州
02676,纳芯微
03200,大族数控
02359,药明康德
01304,峰岹科技
06166,剑桥科技
01347,华虹半导体
06821,凯莱英
01211,比亚迪股份
09995,荣昌生物
02648,安井食品
03296,华勤技术
00300,美的集团
00501,豪威集团
00941,中国移动
01772,赣锋锂业
09927,赛力斯
00981,中芯国际
09696,天齐锂业
02692,兆威机电
01276,恒瑞医药
01880,中国中免
02318,中国平安
03606,福耀玻璃
00470,先导智能
02631,天岳先进
00168,青岛啤酒股份
02315,百奥赛图-B
01336,新华保险
02768,国恩科技
01088,中国神华
03968,招商银行
02579,中伟新材
02714,牧原股份
03347,泰格医药
01072,东方电气
01385,上海复旦
02338,潍柴动力
00358,江西铜业股份
06693,赤峰黄金
03898,时代电气
02899,紫金矿业
06936,顺丰控股
03288,海天味业
02601,中国太保
02865,钧达股份
02050,三花智控
06185,康希诺生物
00883,中国海洋石油
02628,中国人寿
01787,山东黄金
01513,丽珠医药
06030,中信证券
01877,君实生物
02493,迈威生物-B
00763,中兴通讯
00921,海信家电
03268,美格智能
06826,昊海生物科技
06690,海尔智家
09611,龙旗科技
06031,三一重工
06127,昭衍新药
03759,康龙化成
02465,龙蟠科技
03908,中金公司
00914,海螺水泥
06680,金力永磁
02196,复星医药
01138,中远海能
01776,广发证券
03993,洛阳钼业
00564,中创智领
02208,金风科技
06613,蓝思科技
00699,均胜电子
00874,白云山
06655,华新建材
09981,沃尔核材
00317,中船防务
01171,兖矿能源
06886,华泰证券
00995,安徽皖通高速公路
02218,安德利果汁
02603,吉宏股份
01898,中煤能源
01919,中远海控
09969,诺诚健华
06099,招商证券
02611,国泰海通
02715,埃斯顿
02701,国民技术
00857,中国石油股份
00638,广和通
02607,上海医药
06066,中信建投证券
02333,长城汽车
02600,中国铝业
02039,中集集团
00177,江苏宁沪高速公路
01858,春立医疗
00811,新华文轩
02691,南华期货股份
02883,中海油田服务
00038,第一拖拉机股份
06865,福莱特玻璃
00939,建设银行
01963,重庆银行
06881,中国银河
00568,山东墨龙
00998,中信银行
06178,光大证券
01157,中联重科
06198,青岛港
00548,深圳高速公路股份
03328,交通银行
01398,工商银行
03618,重庆农村商业银行
00916,龙源电力
01330,绿色动力环保
00902,华能国际电力股份
00719,山东新华制药股份
03958,东方证券
01288,农业银行
00107,四川成渝高速公路
01339,中国人民保险集团
01186,中国铁建
00728,中国电信
01766,中国中车
03866,青岛银行
00598,中国外运
03988,中国银行
01658,邮储银行
09989,海普瑞
00753,中国国航
00553,南京熊猫电子股份
01456,国联民生
00386,中国石油化工股份
01057,浙江世宝
01800,中国交通建设
01065,天津创业环保股份
01071,华电国际电力股份
00187,京城机电股份
01055,中国南方航空股份
02727,上海电气
00670,中国东方航空股份
00956,新天绿色能源
00390,中国中铁
03969,中国通号
01988,民生银行
01816,中广核电力
01108,凯盛新能
06818,中国光大银行
01635,大众公用
02202,万科企业
03678,弘业期货
01349,复旦张江
02238,广汽集团
06806,申万宏源
00991,大唐发电
